scopus_source_id,title,citescore,percentile,citation_count,scholarly_output,percent_cited,snip,sjr,rank,rank_outof,publisher,publication_type,open_access,scopus_asjc_code,subject_area,quartile,top_10,scopus_link,index,publisher2,percentile2,frequency,journal_website,review_time,open_access2,print_issn,e_issn,user_index,user_publisher,user_percentile,user_frequency,user_open_access
110111,IEEE Intelligent Systems,4.35,85,900,207,76,2.137,0.941,28,190,Institute of Electrical and Electronics Engineers Inc.,Journal,NO,1702,Artificial Intelligence,Quartile1,,https://www.scopus.com/sourceid/110111,Scopus,IEEE,1,Bi-monthly,http://www.computer.org/portal/web/computingnow/intelligentsystems,,No,1541-1672,1941-1294,1.0,0.7,1.0,0.4,0.5
11300153726,Intelligent Data Analysis,0.89,27,230,258,43,0.487,0.251,137,190,IOS Press,Journal,NO,1702,Artificial Intelligence,Quartile3,,https://www.scopus.com/sourceid/11300153726,Scopus,Others,3,Bi-monthly,https://www.iospress.nl/journal/intelligent-data-analysis/,,No,1088-467X,1571-4128,1.0,0.25,0.5,0.4,0.5
11700154336,Journal of Computer Science,0.69,18,173,251,34,0.635,0.162,156,190,Science Publications,Journal,YES,1702,Artificial Intelligence,Quartile4,,https://www.scopus.com/sourceid/11700154336,Scopus,Others,4,Bi-monthly,,,Yes,1549-3636,1552-6607,1.0,0.25,0.3,0.4,1.0
11700154734,Swarm Intelligence,3.82,80,153,40,85,2.042,0.511,38,190,Springer New York,Journal,NO,1702,Artificial Intelligence,Quartile1,,https://www.scopus.com/sourceid/11700154734,Scopus,Springer,1,Quarterly,http://www.springerlink.com/content/1935-3812,,No,1935-3812,1935-3820,1.0,1.0,1.0,0.2,0.5
12358,International Journal of Fuzzy Systems,2.97,72,918,309,78,0.986,0.514,53,190,Springer International Publishing AG,Journal,NO,1702,Artificial Intelligence,Quartile2,,https://www.scopus.com/sourceid/12358,Scopus,Springer,2,Bi-monthly,http://link.springer.com/journal/40815,,No,1562-2479,2199-3211,1.0,1.0,0.7,0.4,0.5
12409,Multidimensional Systems and Signal Processing,2.44,66,442,181,67,1.177,0.507,64,190,Springer Netherlands,Journal,NO,1702,Artificial Intelligence,Quartile2,,https://www.scopus.com/sourceid/12409,Scopus,Springer,2,Quarterly,http://www.springerlink.com/content/100319/,,No,0923-6082,1573-0824,1.0,1.0,0.7,0.2,0.5
12795,Perception,1.34,38,418,311,54,0.791,0.764,117,190,SAGE Publications Inc.,Journal,NO,1702,Artificial Intelligence,Quartile3,,https://www.scopus.com/sourceid/12795,Scopus,Others,3,Monthly,https://uk.sagepub.com/en-gb/eur/perception/journal202440,,No,0301-0066,1468-4233,1.0,0.25,0.5,0.8,0.5
12872,Cognitive Psychology,4.18,81,435,104,94,1.848,3.128,36,190,Academic Press Inc.,Journal,NO,1702,Artificial Intelligence,Quartile1,,https://www.scopus.com/sourceid/12872,Scopus,Others,1,Bi-monthly,http://www.journals.elsevier.com/cognitive-psychology/#description,,No,0010-0285,1095-5623,1.0,0.25,1.0,0.4,0.5
12874,Cognitive Science,2.55,67,814,319,80,1.419,1.571,62,190,Wiley-Blackwell,Journal,NO,1702,Artificial Intelligence,Quartile2,,https://www.scopus.com/sourceid/12874,Scopus,Others,2,Bi-monthly,https://onlinelibrary.wiley.com/journal/15516709,,No,0364-0213,1551-6709,1.0,0.25,0.7,0.4,0.5
12886,Cognitive Systems Research,1.77,53,177,100,67,0.977,0.291,87,190,Elsevier,Journal,NO,1702,Artificial Intelligence,Quartile2,,https://www.scopus.com/sourceid/12886,Scopus,Elsevier,2,Bi-monthly,http://www.journals.elsevier.com/cognitive-systems-research/#description,,No,1389-0417,,1.0,0.85,0.7,0.4,0.5
12931,Cybernetics and Systems,1.58,47,179,113,53,0.793,0.465,100,190,Taylor and Francis Ltd.,Journal,NO,1702,Artificial Intelligence,Quartile3,,https://www.scopus.com/sourceid/12931,Scopus,Taylor and Francis,3,Bi-monthly,http://www.tandfonline.com/loi/ucbs20,,No,0196-9722,1087-6553,1.0,0.55,0.5,0.4,0.5
12962,Journal of Intelligent Systems,1.03,31,133,129,40,0.533,0.188,130,190,Walter de Gruyter GmbH,Journal,NO,1702,Artificial Intelligence,Quartile3,,https://www.scopus.com/sourceid/12962,Scopus,Others,3,Quarterly,https://www.degruyter.com/view/journals/jisys/jisys-overview.xml,51 weeks,No,0334-1860,2191-026X,1.0,0.25,0.5,0.2,0.5
12981,Kybernetes,1.71,51,519,303,63,0.75,0.338,93,190,Emerald Group Publishing Ltd.,Journal,NO,1702,Artificial Intelligence,Quartile2,,https://www.scopus.com/sourceid/12981,Scopus,Others,2,Monthly,http://www.emeraldinsight.com/loi/k,,No,0368-492X,1758-7883,1.0,0.25,0.7,0.8,0.5
130113,Cognitive Processing,1.31,38,253,193,59,0.687,0.6,118,190,Springer Verlag,Journal,NO,1702,Artificial Intelligence,Quartile3,,https://www.scopus.com/sourceid/130113,Scopus,Springer,3,Quarterly,http://www.springerlink.com/content/110966/,,No,1612-4782,1612-4790,1.0,1.0,0.5,0.2,0.5
13017,Physics of Life Reviews,1.29,37,493,381,25,4.45,2.691,120,190,Elsevier,Journal,NO,1702,Artificial Intelligence,Quartile3,,https://www.scopus.com/sourceid/13017,Scopus,Elsevier,3,Quarterly,http://www.sciencedirect.com/science/journal/15710645,,No,1571-0645,1873-1457,1.0,0.85,0.5,0.2,0.5
13427,Bulletin of the Polish Academy of Sciences: Technical Sciences,1.67,50,470,281,66,1.293,0.375,94,190,Polish Academy of Sciences,Journal,YES,1702,Artificial Intelligence,Quartile2,,https://www.scopus.com/sourceid/13427,Scopus,Others,2,Bi-monthly,https://journals.pan.pl/bpasts,40 weeks,Yes,0239-7528,2300-1917,1.0,0.25,0.7,0.4,1.0
13880,Artificial Intelligence and Law,2.28,63,114,50,74,1.586,0.492,69,190,Springer Netherlands,Journal,NO,1702,Artificial Intelligence,Quartile2,,https://www.scopus.com/sourceid/13880,Scopus,Springer,2,Quarterly,http://link.springer.com/journal/10506,,No,0924-8463,1572-8382,1.0,1.0,0.7,0.2,0.5
144653,Artificial Life and Robotics,0.74,20,148,200,42,0.472,0.236,152,190,Springer Japan,Journal,NO,1702,Artificial Intelligence,Quartile4,,https://www.scopus.com/sourceid/144653,Scopus,Springer,4,Quarterly,http://www.springer.com/computer/ai/journal/10015,,No,1433-5298,1614-7456,1.0,1.0,0.3,0.2,0.5
144749,International Journal of Advanced Robotic Systems,1.65,50,1143,691,66,0.86,0.334,95,190,SAGE Publications Inc.,Journal,YES,1702,Artificial Intelligence,Quartile2,,https://www.scopus.com/sourceid/144749,Scopus,Others,2,Bi-monthly,,,Yes,1729-8806,1729-8814,1.0,0.25,0.7,0.4,1.0
144945,Networks and Spatial Economics,2.7,70,362,134,76,1.353,1.626,57,190,Kluwer Academic Publishers,Journal,NO,1702,Artificial Intelligence,Quartile2,,https://www.scopus.com/sourceid/144945,Scopus,Others,2,Quarterly,http://www.springerlink.com/content/106607/,,No,1566-113X,1572-9427,1.0,0.25,0.7,0.2,0.5
14500154734,Evolutionary Intelligence,1.16,33,37,32,41,0.691,0.222,126,190,Springer Verlag,Journal,NO,1702,Artificial Intelligence,Quartile3,,https://www.scopus.com/sourceid/14500154734,Scopus,Springer,3,Quarterly,http://link.springer.com/journal/12065,,No,1864-5909,1864-5917,1.0,1.0,0.5,0.2,0.5
145264,Transactions of the Japanese Society for Artificial Intelligence,0.11,2,22,193,9,0.127,0.105,185,190,Japanese Society for Artificial Intelligence,Journal,NO,1702,Artificial Intelligence,Quartile4,,https://www.scopus.com/sourceid/145264,Scopus,Others,4,Bi-monthly,,,No,1346-0714,,1.0,0.25,0.3,0.4,0.5
145544,Journal of Semantics,1.57,47,77,49,55,1.369,1.193,101,190,Oxford University Press,Journal,NO,1702,Artificial Intelligence,Quartile3,,https://www.scopus.com/sourceid/145544,Scopus,Others,3,Quarterly,http://jos.oxfordjournals.org/,,No,0167-5133,1477-4593,1.0,0.25,0.5,0.2,0.5
15109,IEICE Transactions on Information and Systems,0.72,19,809,1129,34,0.474,0.201,153,190,"Maruzen Co., Ltd/Maruzen Kabushikikaisha",Journal,NO,1702,Artificial Intelligence,Quartile4,,https://www.scopus.com/sourceid/15109,Scopus,Others,4,Bi-monthly,,,No,0916-8532,,1.0,0.25,0.3,0.4,0.5
15134,Information Sciences,6.9,93,14026,2034,90,2.636,1.62,13,190,Elsevier Inc.,Journal,NO,1702,Artificial Intelligence,Quartile1,Top 10%,https://www.scopus.com/sourceid/15134,Scopus,Elsevier,1,Fortnightly,http://www.journals.elsevier.com/information-sciences/#description,,No,0020-0255,1872-6291,1.0,0.85,1.0,0.5,0.5
15435,Journal of Consciousness Studies,0.82,24,189,231,38,0.598,0.374,144,190,Imprint Academic,Journal,NO,1702,Artificial Intelligence,Quartile4,,https://www.scopus.com/sourceid/15435,Scopus,Others,4,Monthly,https://www.ingentaconnect.com/content/imp/jcs,,No,1355-8250,,1.0,0.25,0.3,0.8,0.5
15552,Microprocessors and Microsystems,1.44,41,646,448,58,0.897,0.264,111,190,Elsevier,Journal,NO,1702,Artificial Intelligence,Quartile3,,https://www.scopus.com/sourceid/15552,Scopus,Elsevier,3,Bi-monthly,http://www.journals.elsevier.com/microprocessors-and-microsystems/#description,,No,0141-9331,1872-9436,1.0,0.85,0.5,0.4,0.5
15703,Knowledge and Information Systems,3.62,77,1240,343,80,1.86,0.704,43,190,Springer London,Journal,NO,1702,Artificial Intelligence,Quartile1,,https://www.scopus.com/sourceid/15703,Scopus,Springer,1,Monthly,http://www.springerlink.com/content/105441/,,No,0219-1377,0219-3116,1.0,1.0,1.0,0.8,0.5
18016,Autonomous Robots,4.21,82,867,206,85,2.091,1.049,33,190,Springer Netherlands,Journal,NO,1702,Artificial Intelligence,Quartile1,,https://www.scopus.com/sourceid/18016,Scopus,Springer,1,Bi-monthly,http://www.springerlink.com/content/100243/,,No,0929-5593,1573-7527,1.0,1.0,1.0,0.4,0.5
18050,International Journal of Robotics Research,8.1,95,2016,249,90,3.658,2.189,9,190,SAGE Publications Inc.,Journal,NO,1702,Artificial Intelligence,Quartile1,Top 10%,https://www.scopus.com/sourceid/18050,Scopus,Others,1,Monthly,http://ijr.sagepub.com/,,No,0278-3649,1741-3176,1.0,0.25,1.0,0.8,0.5
18056,Jiqiren/Robot,1.25,35,355,285,65,0.772,0.277,123,190,Chinese Academy of Sciences,Journal,NO,1702,Artificial Intelligence,Quartile3,,https://www.scopus.com/sourceid/18056,Scopus,Others,3,Bi-monthly,,,No,1002-0446,,1.0,0.25,0.5,0.4,0.5
18197,Integrated Computer-Aided Engineering,4.66,88,396,85,86,1.513,0.818,23,190,IOS Press,Journal,NO,1702,Artificial Intelligence,Quartile1,,https://www.scopus.com/sourceid/18197,Scopus,Others,1,Quarterly,https://www.iospress.nl/journal/integrated-computer-aided-engineering/,,No,1069-2509,1875-8835,1.0,0.25,1.0,0.2,0.5
19270,International Journal of Software Engineering and Knowledge Engineering,0.79,23,177,223,41,0.704,0.184,145,190,World Scientific Publishing Co. Pte Ltd,Journal,NO,1702,Artificial Intelligence,Quartile4,,https://www.scopus.com/sourceid/19270,Scopus,Others,4,Monthly,http://www.worldscinet.com/ijseke/ijseke.shtml,,No,0218-1940,1793-6403,1.0,0.25,0.3,0.8,0.5
19294,Journal of Scheduling,1.96,58,294,150,66,1.414,0.885,79,190,Springer New York,Journal,NO,1702,Artificial Intelligence,Quartile2,,https://www.scopus.com/sourceid/19294,Scopus,Springer,2,Bi-monthly,http://www.springerlink.com/content/111647/,,No,1094-6136,1099-1425,1.0,1.0,0.7,0.4,0.5
19300156903,Foundations and Trends in Machine Learning,19.0,99,171,9,100,9.319,5.002,2,190,Now Publishers Inc,Journal,NO,1702,Artificial Intelligence,Quartile1,Top 10%,https://www.scopus.com/sourceid/19300156903,Scopus,Others,1,Quarterly,http://www.nowpublishers.com/MAL,,No,1935-8237,1935-8245,1.0,0.25,1.0,0.2,0.5
19600166036,International Journal of Artificial Intelligence,2.67,69,168,63,60,1.236,0.548,58,190,Indian Society for Development and Environment Research,Journal,NO,1702,Artificial Intelligence,Quartile2,,https://www.scopus.com/sourceid/19600166036,Scopus,Others,2,Bi-monthly,,,No,0974-0635,,1.0,0.25,0.7,0.4,0.5
19700166503,Journal of Advanced Computational Intelligence and Intelligent Informatics,0.42,8,155,370,26,0.363,0.17,175,190,Fuji Technology Press,Journal,NO,1702,Artificial Intelligence,Quartile4,,https://www.scopus.com/sourceid/19700166503,Scopus,Others,4,Bi-monthly,http://www.fujipress.jp/JACIII/index.html,,No,1343-0130,1883-8014,1.0,0.25,0.3,0.4,0.5
19700175219,Iranian Journal of Fuzzy Systems,1.28,36,222,173,46,0.667,0.343,121,190,University of Sistan and Baluchestan,Journal,NO,1702,Artificial Intelligence,Quartile3,,https://www.scopus.com/sourceid/19700175219,Scopus,Others,3,Tri-annual,http://ijfs.usb.ac.ir/,,No,1735-0654,,1.0,0.25,0.5,0.3,0.5
19700177025,IEEE Transactions on Computational Intelligence and AI in Games,1.65,50,175,106,63,1.467,0.24,95,190,Institute of Electrical and Electronics Engineers Inc.,Journal,NO,1702,Artificial Intelligence,Quartile2,,https://www.scopus.com/sourceid/19700177025,Scopus,IEEE,2,Quarterly,https://ieeexplore.ieee.org/servlet/opac?punumber=7782673,,No,1943-068X,1943-0698,1.0,0.7,0.7,0.2,0.5
19700177336,International Journal of Machine Learning and Cybernetics,3.72,78,1173,315,80,1.325,0.786,41,190,Springer Science + Business Media,Journal,NO,1702,Artificial Intelligence,Quartile1,,https://www.scopus.com/sourceid/19700177336,Scopus,Springer,1,Bi-monthly,http://link.springer.com/journal/13042,,No,1868-8071,1868-808X,1.0,1.0,1.0,0.4,0.5
19700186872,International Journal of Cognitive Informatics and Natural Intelligence,0.98,29,62,63,52,0.423,0.207,134,190,IGI Global Publishing,Journal,NO,1702,Artificial Intelligence,Quartile3,,https://www.scopus.com/sourceid/19700186872,Scopus,Others,3,Quarterly,http://www.igi-global.com/gateway/journal/1095,,No,1557-3958,1557-3966,1.0,0.25,0.5,0.2,0.5
19700190323,ACM Transactions on Intelligent Systems and Technology,4.4,86,1073,244,74,2.177,0.708,27,190,Association for Computing Machinery (ACM),Journal,NO,1702,Artificial Intelligence,Quartile1,,https://www.scopus.com/sourceid/19700190323,Scopus,ACM,1,Bi-monthly,https://tist.acm.org/,,No,2157-6904,2157-6912,1.0,0.1,1.0,0.4,0.5
19900191732,Argument and Computation,1.52,45,67,44,61,1.319,0.433,104,190,IOS Press,Journal,NO,1702,Artificial Intelligence,Quartile3,,https://www.scopus.com/sourceid/19900191732,Scopus,Others,3,Tri-annual,http://www.iospress.nl/journal/argument-computation/,,No,1946-2166,1946-2174,1.0,0.25,0.5,0.3,0.5
19900191735,Topics in Cognitive Science,2.3,65,370,161,67,1.091,1.336,67,190,Wiley-Blackwell,Journal,NO,1702,Artificial Intelligence,Quartile2,,https://www.scopus.com/sourceid/19900191735,Scopus,Others,2,Quarterly,http://onlinelibrary.wiley.com/journal/10.1111/(ISSN)1756-8765,,No,1756-8757,1756-8765,1.0,0.25,0.7,0.2,0.5
19900191975,Journal of Uncertain Systems,0.58,15,52,89,34,0.289,0.223,162,190,World Academic Union,Journal,NO,1702,Artificial Intelligence,Quartile4,,https://www.scopus.com/sourceid/19900191975,Scopus,Others,4,Bi-monthly,,,No,1752-8909,1752-8917,1.0,0.25,0.3,0.4,0.5
19900193685,International Journal of Knowledge-Based and Intelligent Engineering Systems,1.61,48,108,67,40,0.525,0.321,98,190,IOS Press,Journal,NO,1702,Artificial Intelligence,Quartile3,,https://www.scopus.com/sourceid/19900193685,Scopus,Others,3,Quarterly,http://www.iospress.nl/journal/international-journal-of-knowledge-based-and-intelligent-engineering-systems/,,No,1327-2314,1875-8827,1.0,0.25,0.5,0.2,0.5
20969,Journal of Machine Learning Research,4.76,89,3453,726,71,2.454,1.426,21,190,Microtome Publishing,Journal,YES,1702,Artificial Intelligence,Quartile1,,https://www.scopus.com/sourceid/20969,Scopus,Others,1,Annual,http://www.mtome.com/Publications/JMLR/jmlr.html,,Yes,1532-4435,1533-7928,1.0,0.25,1.0,0.7,1.0
21100199837,Frontiers in Neurorobotics,3.51,75,319,91,77,1.294,0.603,47,190,Frontiers Media S.A.,Journal,YES,1702,Artificial Intelligence,Quartile1,,https://www.scopus.com/sourceid/21100199837,Scopus,Others,1,Annual,http://www.frontiersin.org/neurorobotics,14 weeks,Yes,1662-5218,,1.0,0.25,1.0,0.7,1.0
21100204931,Sistemi Intelligenti,0.07,2,7,101,7,0.144,0.147,186,190,Il Mulino publishing house,Journal,NO,1702,Artificial Intelligence,Quartile4,,https://www.scopus.com/sourceid/21100204931,Scopus,Others,4,Bi-monthly,,,No,1120-9550,,1.0,0.25,0.3,0.4,0.5
21100210905,i-Perception,1.3,37,283,218,50,0.703,0.599,119,190,SAGE Publications Ltd,Journal,YES,1702,Artificial Intelligence,Quartile3,,https://www.scopus.com/sourceid/21100210905,Scopus,Others,3,Annual,https://journals.sagepub.com/home/ipe,12 weeks,Yes,2041-6695,,1.0,0.25,0.5,0.7,1.0
21100211724,Intelligent Decision Technologies,0.56,13,61,109,34,0.299,0.226,164,190,IOS Press,Journal,NO,1702,Artificial Intelligence,Quartile4,,https://www.scopus.com/sourceid/21100211724,Scopus,Others,4,Quarterly,http://www.iospress.nl/journal/intelligent-decision-technologies/,,No,1872-4981,1875-8843,1.0,0.25,0.3,0.2,0.5
21100218522,Biologically Inspired Cognitive Architectures,1.98,59,204,103,74,1.575,0.452,78,190,Elsevier BV,Journal,NO,1702,Artificial Intelligence,Quartile2,,https://www.scopus.com/sourceid/21100218522,Scopus,Elsevier,2,Bi-monthly,,,No,2212-683X,,1.0,0.85,0.7,0.4,0.5
21100235616,IEEE Transactions on Neural Networks and Learning Systems,12.16,97,9306,765,94,4.062,3.658,5,190,IEEE Computational Intelligence Society,Journal,NO,1702,Artificial Intelligence,Quartile1,Top 10%,https://www.scopus.com/sourceid/21100235616,Scopus,IEEE,1,Monthly,http://ieeexplore.ieee.org/xpl/aboutJournal.jsp?punumber=5962385,,No,2162-237X,2162-2388,1.0,0.7,1.0,0.8,0.5
21100285028,IEEE Transactions on Human-Machine Systems,4.56,86,1217,267,84,2.168,0.842,25,190,"IEEE Systems, Man, and Cybernetics Society",Journal,NO,1702,Artificial Intelligence,Quartile1,,https://www.scopus.com/sourceid/21100285028,Scopus,IEEE,1,Bi-monthly,http://ieeexplore.ieee.org/xpl/aboutJournal.jsp?punumber=6221037,,No,2168-2291,2168-2305,1.0,0.7,1.0,0.4,0.5
21100286449,Civil-Comp Proceedings,0.06,1,57,1034,4,0.034,0.104,188,190,Civil-Comp Press,Journal,NO,1702,Artificial Intelligence,Quartile4,,https://www.scopus.com/sourceid/21100286449,Scopus,Others,4,Bi-monthly,,,No,,,1.0,0.25,0.3,0.4,0.5
21100301601,ACM Transactions on Interactive Intelligent Systems,5.66,90,436,77,71,3.152,0.715,18,190,Association for Computing Machinery (ACM),Journal,NO,1702,Artificial Intelligence,Quartile1,Top 10%,https://www.scopus.com/sourceid/21100301601,Scopus,ACM,1,Quarterly,http://tiis.acm.org/,,No,2160-6455,2160-6463,1.0,0.1,1.0,0.2,0.5
21100325719,International Journal of Mechatronics and Automation,0.79,23,22,28,36,0.507,0.137,145,190,Inderscience Publishers,Journal,NO,1702,Artificial Intelligence,Quartile4,,https://www.scopus.com/sourceid/21100325719,Scopus,Inderscience,4,Bi-monthly,,,No,2045-1059,2045-1067,1.0,0.4,0.3,0.4,0.5
21100327713,International Journal of Automation and Smart Technology,0.45,8,37,82,24,0.293,0.137,173,190,Chinese Institute of Automation Engineers (CIAE),Journal,YES,1702,Artificial Intelligence,Quartile4,,https://www.scopus.com/sourceid/21100327713,Scopus,Others,4,Bi-monthly,,,Yes,,2223-9766,1.0,0.25,0.3,0.4,1.0
21100367773,IEEE/CAA Journal of Automatica Sinica,5.31,90,1025,193,89,1.685,1.046,19,190,IEEE Advancing Technology for Humanity,Journal,NO,1702,Artificial Intelligence,Quartile1,Top 10%,https://www.scopus.com/sourceid/21100367773,Scopus,IEEE,1,Bi-monthly,http://ieeexplore.ieee.org/xpl/RecentIssue.jsp?punumber=6570654,,No,2329-9274,2329-9274,1.0,0.7,1.0,0.4,0.5
21100411629,Web Intelligence,0.7,18,46,66,30,0.274,0.131,154,190,IOS Press,Journal,NO,1702,Artificial Intelligence,Quartile4,,https://www.scopus.com/sourceid/21100411629,Scopus,Others,4,Quarterly,http://content.iospress.com/journals/web-intelligence/14/3,,No,2405-6456,2405-6464,1.0,0.25,0.3,0.2,0.5
21100440516,International Journal of Computer Information Systems and Industrial Management Applications,0.65,16,44,68,38,0.611,0.21,158,190,Machine Intelligence Research Labs,Journal,YES,1702,Artificial Intelligence,Quartile4,,https://www.scopus.com/sourceid/21100440516,Scopus,Others,4,Bi-monthly,,,Yes,,2150-7988,1.0,0.25,0.3,0.4,1.0
21100454976,"Journal of Automation, Mobile Robotics and Intelligent Systems",0.55,12,58,106,32,0.623,0.134,167,190,Industrial Research Institute for Automation and Measurements,Journal,YES,1702,Artificial Intelligence,Quartile4,,https://www.scopus.com/sourceid/21100454976,Scopus,Others,4,Bi-monthly,,,Yes,1897-8649,2080-2145,1.0,0.25,0.3,0.4,1.0
21100464776,"Statistics, Optimization and Information Computing",0.49,10,40,81,35,0.379,0.227,170,190,International Academic Press,Journal,YES,1702,Artificial Intelligence,Quartile4,,https://www.scopus.com/sourceid/21100464776,Scopus,Others,4,Bi-monthly,,,Yes,2311-004X,2310-5070,1.0,0.25,0.3,0.4,1.0
21100466219,Journal on Data Semantics,1.93,57,85,44,57,1.493,0.569,82,190,Springer International Publishing AG,Journal,NO,1702,Artificial Intelligence,Quartile2,,https://www.scopus.com/sourceid/21100466219,Scopus,Springer,2,Quarterly,http://link.springer.com/journal/13740,,No,1861-2032,1861-2040,1.0,1.0,0.7,0.2,0.5
21100779064,Soft Robotics,8.45,96,727,86,88,2.432,2.093,8,190,Mary Ann Liebert Inc.,Journal,NO,1702,Artificial Intelligence,Quartile1,Top 10%,https://www.scopus.com/sourceid/21100779064,Scopus,Others,1,Bi-monthly,http://www.liebertpub.com/soro,,No,2169-5172,2169-5180,1.0,0.25,1.0,0.4,0.5
21100781972,Progress in Artificial Intelligence,2.64,69,190,72,60,1.648,0.513,59,190,Springer Nature,Journal,NO,1702,Artificial Intelligence,Quartile2,,https://www.scopus.com/sourceid/21100781972,Scopus,Springer,2,Quarterly,https://www.springer.com/journal/13748,,No,2192-6352,2192-6360,1.0,1.0,0.7,0.2,0.5
21100784665,IEEE Transactions on Cognitive and Developmental Systems,3.35,73,261,78,68,1.943,0.54,50,190,Institute of Electrical and Electronics Engineers Inc.,Journal,NO,1702,Artificial Intelligence,Quartile2,,https://www.scopus.com/sourceid/21100784665,Scopus,IEEE,2,Quarterly,https://www.ieee.org/membership-catalog/productdetail/showProductDetailPage.html?product=PER221-ELE&searchResults=Y,,No,2379-8920,2379-8939,1.0,0.7,0.7,0.2,0.5
21100788860,International Journal of Mechanical Engineering and Robotics Research,0.53,11,83,156,29,0.735,0.154,168,190,International Journal of Mechanical Engineering and Robotics Research,Journal,NO,1702,Artificial Intelligence,Quartile4,,https://www.scopus.com/sourceid/21100788860,Scopus,Others,4,Bi-monthly,,,No,,2278-0149,1.0,0.25,0.3,0.4,0.5
21100790723,Computability,0.63,15,24,38,34,0.722,0.458,161,190,IOS Press,Journal,NO,1702,Artificial Intelligence,Quartile4,,https://www.scopus.com/sourceid/21100790723,Scopus,Others,4,Quarterly,https://www.iospress.nl/journal/computability/,,No,2211-3568,2211-3576,1.0,0.25,0.3,0.2,0.5
21100792090,Journal of Artificial Intelligence and Soft Computing Research,4.7,88,188,40,92,4.066,0.351,22,190,De Gruyter Open Ltd.,Journal,YES,1702,Artificial Intelligence,Quartile1,,https://www.scopus.com/sourceid/21100792090,Scopus,Others,1,Quarterly,https://www.degruyter.com/view/j/jaiscr,24 weeks,Yes,2083-2567,2449-6499,1.0,0.25,1.0,0.2,1.0
21100792109,Procedia Manufacturing,1.39,39,2943,2123,53,0.855,0.313,116,190,Elsevier BV,Journal,YES,1702,Artificial Intelligence,Quartile3,,https://www.scopus.com/sourceid/21100792109,Scopus,Elsevier,3,Bi-monthly,,,Yes,,2351-9789,1.0,0.85,0.5,0.4,1.0
21100792504,Journal of Cognitive Science,0.17,3,7,41,10,0.163,0.106,182,190,Institute for Cognitive Science at Seoul National University,Journal,NO,1702,Artificial Intelligence,Quartile4,,https://www.scopus.com/sourceid/21100792504,Scopus,Others,4,Quarterly,http://j-cs.org/index/index.php,,No,1598-2327,1976-6939,1.0,0.25,0.3,0.2,0.5
21100803572,Systems Science and Control Engineering,1.77,53,211,119,60,0.916,0.429,87,190,Taylor and Francis Ltd.,Journal,YES,1702,Artificial Intelligence,Quartile2,,https://www.scopus.com/sourceid/21100803572,Scopus,Taylor and Francis,2,Bi-monthly,,,Yes,,2164-2583,1.0,0.55,0.7,0.4,1.0
21100810658,Paladyn,2.17,62,26,12,75,1.707,0.336,71,190,De Gruyter Open Ltd.,Journal,YES,1702,Artificial Intelligence,Quartile2,,https://www.scopus.com/sourceid/21100810658,Scopus,Others,2,Bi-monthly,,,Yes,,2081-4836,1.0,0.25,0.7,0.4,1.0
21100818502,Journal of Information Systems and Telecommunication,0.24,5,23,94,16,0.224,0.126,181,190,"Iranian Academic Center for Education, Culture and Research",Journal,YES,1702,Artificial Intelligence,Quartile4,,https://www.scopus.com/sourceid/21100818502,Scopus,Others,4,Bi-monthly,,,Yes,2322-1437,2345-2773,1.0,0.25,0.3,0.4,1.0
21100818722,Cybernetics and Physics,1.17,34,62,53,55,1.155,0.296,125,190,"Institute of Problems of Mechanical Engineering, Russian Academy of Sciences",Journal,YES,1702,Artificial Intelligence,Quartile3,,https://www.scopus.com/sourceid/21100818722,Scopus,Others,3,Bi-monthly,,,Yes,2223-7038,2226-4116,1.0,0.25,0.5,0.4,1.0
21100821307,Applied Computational Intelligence and Soft Computing,1.52,45,41,27,59,0.906,0.237,104,190,Hindawi Limited,Journal,YES,1702,Artificial Intelligence,Quartile3,,https://www.scopus.com/sourceid/21100821307,Scopus,Others,3,Annual,https://www.hindawi.com/journals/acisc/,21 weeks,Yes,1687-9724,1687-9732,1.0,0.25,0.5,0.7,1.0
21100823281,International Journal of Software Innovation,0.68,17,15,22,27,0.672,0.151,157,190,IGI Global Publishing,Journal,NO,1702,Artificial Intelligence,Quartile4,,https://www.scopus.com/sourceid/21100823281,Scopus,Others,4,Quarterly,http://www.igi-global.com/gateway/journal/64245,,No,2166-7160,2166-7179,1.0,0.25,0.3,0.2,0.5
21100824892,"Law, Innovation and Technology",1.54,46,43,28,64,0.913,0.612,102,190,Taylor and Francis Ltd.,Journal,NO,1702,Artificial Intelligence,Quartile3,,https://www.scopus.com/sourceid/21100824892,Scopus,Taylor and Francis,3,Bi-monthly,,,No,1757-9961,1757-997X,1.0,0.55,0.5,0.4,0.5
21100826268,Computer Science,0.38,7,9,24,25,0.569,0.106,176,190,AGH University of Science and Technology,Journal,YES,1702,Artificial Intelligence,Quartile4,,https://www.scopus.com/sourceid/21100826268,Scopus,Others,4,Quarterly,https://journals.agh.edu.pl/csci,20 weeks,Yes,1508-2806,2300-7036,1.0,0.25,0.3,0.2,1.0
21100826286,Fuzzy Information and Engineering,1.41,40,128,91,52,1.056,0.338,114,190,Fuzzy Information and Engineering Branch of The Operations Research Society of China,Journal,NO,1702,Artificial Intelligence,Quartile3,,https://www.scopus.com/sourceid/21100826286,Scopus,Others,3,Quarterly,http://www.tandfonline.com/TFIE,40 weeks,No,1616-8658,1616-8666,1.0,0.25,0.5,0.2,0.5
21100826383,Indonesian Journal of Electrical Engineering and Informatics,1.59,48,70,44,70,0.905,0.363,99,190,Institute of Advanced Engineering and Science (IAES),Journal,NO,1702,Artificial Intelligence,Quartile3,,https://www.scopus.com/sourceid/21100826383,Scopus,Others,3,Bi-monthly,,,No,,2089-3272,1.0,0.25,0.5,0.4,0.5
21100828027,International Journal of Engineering Research and Technology,0.7,18,7,10,30,0.891,0.155,154,190,International Research Publication House,Journal,NO,1702,Artificial Intelligence,Quartile4,,https://www.scopus.com/sourceid/21100828027,Scopus,Others,4,Bi-monthly,,,No,0974-3154,,1.0,0.25,0.3,0.4,0.5
21100832761,International Journal of Fuzzy Logic and Intelligent Systems,1.5,43,60,40,72,0.452,0.244,107,190,Korean Institute of Intelligent Systems,Journal,NO,1702,Artificial Intelligence,Quartile3,,https://www.scopus.com/sourceid/21100832761,Scopus,Others,3,Quarterly,http://www.ijfis.org/,,No,1598-2645,2093-744X,1.0,0.25,0.5,0.2,0.5
21100833833,Robotics,1.53,46,136,89,63,0.722,0.285,103,190,MDPI AG,Journal,YES,1702,Artificial Intelligence,Quartile3,,https://www.scopus.com/sourceid/21100833833,Scopus,Others,3,Bi-monthly,,,Yes,,2218-6581,1.0,0.25,0.5,0.4,1.0
21100836194,ICT Express,2.6,68,283,109,64,1.211,0.369,61,190,Korean Institute of Communications Information Sciences,Journal,YES,1702,Artificial Intelligence,Quartile2,,https://www.scopus.com/sourceid/21100836194,Scopus,Others,2,Bi-monthly,,,Yes,,2405-9595,1.0,0.25,0.7,0.4,1.0
21100840026,International Journal of Machine Learning and Computing,0.25,5,11,44,25,0.049,0.108,179,190,International Association of Computer Science and Information Technology,Journal,NO,1702,Artificial Intelligence,Quartile4,,https://www.scopus.com/sourceid/21100840026,Scopus,Others,4,Bi-monthly,,,No,,2010-3700,1.0,0.25,0.3,0.4,0.5
21100853738,ROBOMECH Journal,1.09,32,82,75,53,0.556,0.205,128,190,Springer International Publishing AG,Journal,YES,1702,Artificial Intelligence,Quartile3,,https://www.scopus.com/sourceid/21100853738,Scopus,Springer,3,Bi-monthly,,,Yes,,2197-4225,1.0,1.0,0.5,0.4,1.0
21100853929,International Journal of Systematic Innovation,0.07,2,2,27,7,0.144,0.101,186,190,The Society of Systematic Innovation,Journal,NO,1702,Artificial Intelligence,Quartile4,,https://www.scopus.com/sourceid/21100853929,Scopus,Others,4,Bi-monthly,,,No,2077-7973,2077-8767,1.0,0.25,0.3,0.4,0.5
21100863713,International Journal of Knowledge and Systems Science,0.5,11,8,16,31,0.115,0.124,169,190,IGI Global Publishing,Journal,NO,1702,Artificial Intelligence,Quartile4,,https://www.scopus.com/sourceid/21100863713,Scopus,Others,4,Quarterly,http://www.igi-global.com/gateway/journal/1169,,No,1947-8208,1947-8216,1.0,0.25,0.3,0.2,0.5
21100864387,International Journal of Swarm Intelligence Research,0.92,28,12,13,46,0.461,0.139,136,190,IGI Global Publishing,Journal,NO,1702,Artificial Intelligence,Quartile3,,https://www.scopus.com/sourceid/21100864387,Scopus,Others,3,Quarterly,http://www.igi-global.com/gateway/journal/1149,,No,1947-9263,1947-9271,1.0,0.25,0.5,0.2,0.5
21100868821,Frontiers Robotics AI,3.36,74,575,171,71,1.5,0.527,49,190,Frontiers Media S.A.,Journal,YES,1702,Artificial Intelligence,Quartile2,,https://www.scopus.com/sourceid/21100868821,Scopus,Others,2,Bi-monthly,,,Yes,,2296-9144,1.0,0.25,0.7,0.4,1.0
21100869486,Computational Visual Media,1.82,56,173,95,78,0.975,0.477,84,190,Tsinghua University Press,Journal,YES,1702,Artificial Intelligence,Quartile2,,https://www.scopus.com/sourceid/21100869486,Scopus,Others,2,Bi-monthly,,,Yes,2096-0433,2096-0662,1.0,0.25,0.7,0.4,1.0
21100873335,Journal of Control and Decision,2.02,60,89,44,75,0.816,-,75,190,Taylor and Francis Ltd.,Journal,NO,1702,Artificial Intelligence,Quartile2,,https://www.scopus.com/sourceid/21100873335,Scopus,Taylor and Francis,2,Bi-monthly,,,No,2330-7706,2330-7714,1.0,0.55,0.7,0.4,0.5
21100886132,Science Robotics,12.56,98,741,59,93,4.738,-,4,190,American Association for the Advancement of Science,Journal,NO,1702,Artificial Intelligence,Quartile1,Top 10%,https://www.scopus.com/sourceid/21100886132,Scopus,Others,1,Bi-monthly,,,No,,2470-9476,1.0,0.25,1.0,0.4,0.5
21100890645,International Journal of Advances in Intelligent Informatics,0.89,27,49,55,45,0.558,-,137,190,Universitas Ahmad Dahlan,Journal,NO,1702,Artificial Intelligence,Quartile3,,https://www.scopus.com/sourceid/21100890645,Scopus,Others,3,Bi-monthly,,,No,2442-6571,2548-3161,1.0,0.25,0.5,0.4,0.5
21100893766,Frontiers in ICT,1.96,58,178,91,54,0.787,-,79,190,Frontiers Media S.A.,Journal,NO,1702,Artificial Intelligence,Quartile2,,https://www.scopus.com/sourceid/21100893766,Scopus,Others,2,Bi-monthly,,,No,,2297-198X,1.0,0.25,0.7,0.4,0.5
21100900379,IEEE Robotics and Automation Letters,4.56,86,2109,462,90,2.265,-,25,190,Institute of Electrical and Electronics Engineers Inc.,Journal,NO,1702,Artificial Intelligence,Quartile1,,https://www.scopus.com/sourceid/21100900379,Scopus,IEEE,1,Bi-monthly,,,No,,2377-3766,1.0,0.7,1.0,0.4,0.5
22478,Journal of Memory and Language,4.09,80,911,223,86,1.905,3.007,37,190,Academic Press Inc.,Journal,NO,1702,Artificial Intelligence,Quartile1,,https://www.scopus.com/sourceid/22478,Scopus,Others,1,Bi-monthly,http://www.journals.elsevier.com/journal-of-memory-and-language/#description,,No,0749-596X,1096-0821,1.0,0.25,1.0,0.4,0.5
23127,Journal of the ACM,3.63,78,562,155,77,3.17,1.65,42,190,Association for Computing Machinery (ACM),Journal,NO,1702,Artificial Intelligence,Quartile1,,https://www.scopus.com/sourceid/23127,Scopus,ACM,1,Bi-monthly,http://jacm.acm.org/,,No,0004-5411,1557-735X,1.0,0.1,1.0,0.4,0.5
23616,AI and Society,0.65,16,99,153,37,0.602,0.168,158,190,Springer London,Journal,NO,1702,Artificial Intelligence,Quartile4,,https://www.scopus.com/sourceid/23616,Scopus,Springer,4,Quarterly,http://link.springer.com/journal/volumesAndIssues/146,,No,0951-5666,1435-5655,1.0,1.0,0.3,0.2,0.5
23617,AI Communications,1.0,30,134,134,45,0.608,0.222,132,190,IOS Press,Journal,NO,1702,Artificial Intelligence,Quartile3,,https://www.scopus.com/sourceid/23617,Scopus,Others,3,Bi-monthly,https://www.iospress.nl/journal/ai-communications/,,No,0921-7126,1875-8452,1.0,0.25,0.5,0.4,0.5
23629,AI Magazine,2.15,62,323,150,53,2.233,0.577,72,190,AI Access Foundation,Journal,NO,1702,Artificial Intelligence,Quartile2,,https://www.scopus.com/sourceid/23629,Scopus,Others,2,Quarterly,http://www.aimagazine.org/,,No,0738-4602,,1.0,0.25,0.7,0.2,0.5
23640,Advanced Engineering Informatics,5.72,91,1229,215,89,2.387,1.091,17,190,Elsevier Ltd,Journal,NO,1702,Artificial Intelligence,Quartile1,Top 10%,https://www.scopus.com/sourceid/23640,Scopus,Elsevier,1,Quarterly,http://www.journals.elsevier.com/advanced-engineering-informatics/#description,,No,1474-0346,1873-5320,1.0,0.85,1.0,0.2,0.5
23670,Annals of Mathematics and Artificial Intelligence,1.4,39,200,143,50,1.034,0.346,115,190,Springer Netherlands,Journal,NO,1702,Artificial Intelligence,Quartile3,,https://www.scopus.com/sourceid/23670,Scopus,Springer,3,Bi-monthly,http://www.springerlink.com/content/101739/,,No,1012-2443,1573-7470,1.0,1.0,0.5,0.4,0.5
23673,Applied Artificial Intelligence,1.12,33,153,137,43,0.671,0.233,127,190,Taylor and Francis Ltd.,Journal,NO,1702,Artificial Intelligence,Quartile3,,https://www.scopus.com/sourceid/23673,Scopus,Taylor and Francis,3,Monthly,http://www.tandfonline.com/loi/uaai20,,No,0883-9514,1087-6545,1.0,0.55,0.5,0.8,0.5
23674,Applied Intelligence,3.53,76,1281,363,84,1.561,0.651,46,190,Springer Netherlands,Journal,NO,1702,Artificial Intelligence,Quartile1,,https://www.scopus.com/sourceid/23674,Scopus,Springer,1,Monthly,http://www.springerlink.com/content/100236/,,No,0924-669X,1573-7497,1.0,1.0,1.0,0.8,0.5
23675,Artificial Intelligence,4.33,83,1053,243,83,2.8,1.008,31,190,Elsevier,Journal,NO,1702,Artificial Intelligence,Quartile1,,https://www.scopus.com/sourceid/23675,Scopus,Elsevier,1,Monthly,http://www.journals.elsevier.com/artificial-intelligence/#description,,No,0004-3702,1872-7921,1.0,0.85,1.0,0.8,0.5
23678,"Artificial Intelligence for Engineering Design, Analysis and Manufacturing: AIEDAM",1.26,36,120,95,49,0.874,0.351,122,190,Cambridge University Press,Journal,NO,1702,Artificial Intelligence,Quartile3,,https://www.scopus.com/sourceid/23678,Scopus,Others,3,Quarterly,http://journals.cambridge.org/action/displayJournal?jid=AIE,,No,0890-0604,1469-1760,1.0,0.25,0.5,0.2,0.5
23737,Computational Intelligence,2.09,61,196,94,53,0.97,0.357,74,190,Wiley-Blackwell Publishing Ltd,Journal,NO,1702,Artificial Intelligence,Quartile2,,https://www.scopus.com/sourceid/23737,Scopus,Others,2,Quarterly,http://onlinelibrary.wiley.com/journal/10.1111/(ISSN)1467-8640,,No,0824-7935,1467-8640,1.0,0.25,0.7,0.2,0.5
23917,Journal of Intelligent and Fuzzy Systems,1.96,58,3707,1895,59,0.818,0.412,79,190,IOS Press,Journal,NO,1702,Artificial Intelligence,Quartile2,,https://www.scopus.com/sourceid/23917,Scopus,Others,2,Monthly,https://www.iospress.nl/journal/journal-of-intelligent-fuzzy-systems/,,No,1064-1246,1875-8967,1.0,0.25,0.7,0.8,0.5
24140,Artificial Intelligence in Medicine,4.35,85,749,172,84,1.758,1.025,28,190,Elsevier,Journal,NO,1702,Artificial Intelligence,Quartile1,,https://www.scopus.com/sourceid/24140,Scopus,Elsevier,1,Monthly,http://www.elsevier.com/wps/find/journaldescription.cws_home/505627/description#description,,No,0933-3657,1873-2860,1.0,0.85,1.0,0.8,0.5
24141,Artificial Intelligence Review,6.09,91,652,107,89,3.578,1.055,16,190,Springer Netherlands,Journal,NO,1702,Artificial Intelligence,Quartile1,Top 10%,https://www.scopus.com/sourceid/24141,Scopus,Springer,1,Bi-monthly,http://www.springerlink.com/content/100240/,,No,0269-2821,1573-7462,1.0,1.0,1.0,0.4,0.5
24142,Artificial Life,1.43,40,129,90,51,0.702,0.449,113,190,MIT Press Journals,Journal,NO,1702,Artificial Intelligence,Quartile3,,https://www.scopus.com/sourceid/24142,Scopus,Others,3,Quarterly,http://www.mitpressjournals.org/loi/artl,,No,1064-5462,1530-9185,1.0,0.25,0.5,0.2,0.5
24157,Autonomous Agents and Multi-Agent Systems,2.32,65,278,120,72,1.459,0.566,66,190,Springer Netherlands,Journal,NO,1702,Artificial Intelligence,Quartile2,,https://www.scopus.com/sourceid/24157,Scopus,Springer,2,Annual,http://www.springerlink.com/content/102852/,,No,1387-2532,1573-7454,1.0,1.0,0.7,0.7,0.5
24173,Connection Science,1.04,32,88,85,45,0.544,0.2,129,190,Taylor and Francis AS,Journal,NO,1702,Artificial Intelligence,Quartile3,,https://www.scopus.com/sourceid/24173,Scopus,Taylor and Francis,3,Quarterly,http://www.tandfonline.com/loi/ccos20,,No,0954-0091,1360-0494,1.0,0.55,0.5,0.2,0.5
24175,Constraints,1.62,49,115,71,65,1.239,0.405,97,190,Springer Netherlands,Journal,NO,1702,Artificial Intelligence,Quartile3,,https://www.scopus.com/sourceid/24175,Scopus,Springer,3,Quarterly,http://www.springerlink.com/content/1383-7133,,No,1383-7133,1572-9354,1.0,1.0,0.5,0.2,0.5
24182,Engineering Applications of Artificial Intelligence,4.58,87,2822,616,88,1.815,0.881,24,190,Elsevier Ltd,Journal,NO,1702,Artificial Intelligence,Quartile1,,https://www.scopus.com/sourceid/24182,Scopus,Elsevier,1,Monthly,http://www.elsevier.com/wps/find/journaldescription.cws_home/975/description#description,,No,0952-1976,1873-6769,1.0,0.85,1.0,0.8,0.5
24185,Expert Systems,2.15,62,320,149,66,1.149,0.429,72,190,Wiley-Blackwell Publishing Ltd,Journal,NO,1702,Artificial Intelligence,Quartile2,,https://www.scopus.com/sourceid/24185,Scopus,Others,2,Bi-monthly,http://onlinelibrary.wiley.com/journal/10.1111/(ISSN)1468-0394,,No,0266-4720,1468-0394,1.0,0.25,0.7,0.4,0.5
24201,Expert Systems with Applications,6.36,92,13082,2056,91,2.696,1.19,14,190,Elsevier Ltd,Journal,NO,1702,Artificial Intelligence,Quartile1,Top 10%,https://www.scopus.com/sourceid/24201,Scopus,Elsevier,1,Semi-monthly,http://www.elsevier.com/wps/find/journaldescription.cws_home/939/description#description,,No,0957-4174,1873-6793,1.0,0.85,1.0,0.9,0.5
24207,Fuzzy Optimization and Decision Making,4.35,85,309,71,85,1.919,1.264,28,190,Springer New York,Journal,NO,1702,Artificial Intelligence,Quartile1,,https://www.scopus.com/sourceid/24207,Scopus,Springer,1,Quarterly,http://www.springerlink.com/content/108654/,,No,1568-4539,1573-2908,1.0,1.0,1.0,0.2,0.5
24242,IEEE Transactions on Fuzzy Systems,9.49,96,4336,457,94,3.314,2.794,7,190,Institute of Electrical and Electronics Engineers Inc.,Journal,NO,1702,Artificial Intelligence,Quartile1,Top 10%,https://www.scopus.com/sourceid/24242,Scopus,IEEE,1,Monthly,http://ieeexplore.ieee.org/xpl/aboutJournal.jsp?punumber=91,,No,1063-6706,1941-0034,1.0,0.7,1.0,0.8,0.5
24254,IEEE Transactions on Pattern Analysis and Machine Intelligence,19.67,99,11347,577,92,9.231,3.764,1,190,IEEE Computer Society,Journal,NO,1702,Artificial Intelligence,Quartile1,Top 10%,https://www.scopus.com/sourceid/24254,Scopus,IEEE,1,Monthly,http://www.computer.org/portal/web/tpami,,No,0162-8828,1939-3539,1.0,0.7,1.0,0.8,0.5
24258,Inteligencia Artificial,0.25,5,9,36,22,0.213,0.112,179,190,Asociacion Espanola de Inteligencia Artificial,Journal,YES,1702,Artificial Intelligence,Quartile4,,https://www.scopus.com/sourceid/24258,Scopus,Others,4,Bi-monthly,,,Yes,1137-3601,1988-3064,1.0,0.25,0.3,0.4,1.0
24286,International Journal of Approximate Reasoning,2.62,68,986,377,69,1.412,0.606,60,190,Elsevier Inc.,Journal,NO,1702,Artificial Intelligence,Quartile2,,https://www.scopus.com/sourceid/24286,Scopus,Elsevier,2,Bi-monthly,http://www.journals.elsevier.com/international-journal-of-approximate-reasoning/#description,,No,0888-613X,1873-4731,1.0,0.85,0.7,0.4,0.5
24305,International Journal of Intelligent Systems,6.25,92,1132,181,79,2.027,1.297,15,190,John Wiley and Sons Ltd,Journal,NO,1702,Artificial Intelligence,Quartile1,Top 10%,https://www.scopus.com/sourceid/24305,Scopus,Others,1,Monthly,http://onlinelibrary.wiley.com/journal/10.1002/(ISSN)1098-111X,,No,0884-8173,1098-111X,1.0,0.25,1.0,0.8,0.5
24306,Digital Signal Processing: A Review Journal,2.8,71,1446,517,79,1.45,0.541,55,190,Elsevier Inc.,Journal,NO,1702,Artificial Intelligence,Quartile2,,https://www.scopus.com/sourceid/24306,Scopus,Elsevier,2,Monthly,http://www.journals.elsevier.com/digital-signal-processing/#description,,No,1051-2004,1095-4333,1.0,0.85,0.7,0.8,0.5
24310,International Journal of Pattern Recognition and Artificial Intelligence,1.48,42,528,356,60,0.647,0.304,109,190,World Scientific Publishing Co. Pte Ltd,Journal,NO,1702,Artificial Intelligence,Quartile3,,https://www.scopus.com/sourceid/24310,Scopus,Others,3,Monthly,http://www.worldscinet.com/ijprai/ijprai.shtml,,No,0218-0014,1793-6381,1.0,0.25,0.5,0.8,0.5
24326,"International Journal of Uncertainty, Fuzziness and Knowlege-Based Systems",1.51,44,280,186,53,0.659,0.393,106,190,World Scientific Publishing Co. Pte Ltd,Journal,NO,1702,Artificial Intelligence,Quartile3,,https://www.scopus.com/sourceid/24326,Scopus,Others,3,Bi-monthly,http://www.worldscinet.com/ijufks/ijufks.shtml,,No,0218-4885,1793-6411,1.0,0.25,0.5,0.4,0.5
24330,Journal of Artificial Intelligence Research,3.23,73,585,181,76,2.084,0.754,51,190,"Morgan Kaufmann Publishers, Inc.",Journal,YES,1702,Artificial Intelligence,Quartile2,,https://www.scopus.com/sourceid/24330,Scopus,Others,2,Annual,http://www.jair.org/,27 weeks,Yes,1076-9757,1943-5037,1.0,0.25,0.7,0.7,1.0
24354,Journal of Automated Reasoning,2.41,66,217,90,71,2.022,0.703,65,190,Springer Netherlands,Journal,NO,1702,Artificial Intelligence,Quartile2,,https://www.scopus.com/sourceid/24354,Scopus,Springer,2,Bi-monthly,http://www.springerlink.com/content/100280/,,No,0168-7433,1573-0670,1.0,1.0,0.7,0.4,0.5
24357,Journal of Experimental and Theoretical Artificial Intelligence,2.2,63,383,174,56,0.999,0.392,70,190,Taylor and Francis Ltd.,Journal,NO,1702,Artificial Intelligence,Quartile2,,https://www.scopus.com/sourceid/24357,Scopus,Taylor and Francis,2,Quarterly,http://www.tandfonline.com/loi/teta20,,No,0952-813X,1362-3079,1.0,0.55,0.7,0.2,0.5
24358,Journal of Heuristics,2.0,60,160,80,71,1.288,0.528,76,190,Springer Netherlands,Journal,NO,1702,Artificial Intelligence,Quartile2,,https://www.scopus.com/sourceid/24358,Scopus,Springer,2,Bi-monthly,http://www.springerlink.com/content/102935/,,No,1381-1231,1572-9397,1.0,1.0,0.7,0.4,0.5
24360,Journal of Intelligent and Robotic Systems: Theory and Applications,2.83,71,1311,464,72,1.438,0.575,54,190,Springer Netherlands,Journal,NO,1702,Artificial Intelligence,Quartile2,,https://www.scopus.com/sourceid/24360,Scopus,Springer,2,Monthly,http://www.springerlink.com/content/100290/,,No,0921-0296,1573-0409,1.0,1.0,0.7,0.8,0.5
24361,Journal of Intelligent Information Systems,1.78,55,222,125,58,1.088,0.416,85,190,Springer Netherlands,Journal,NO,1702,Artificial Intelligence,Quartile2,,https://www.scopus.com/sourceid/24361,Scopus,Springer,2,Bi-monthly,http://www.springerlink.com/content/100289/,,No,0925-9902,1573-7675,1.0,1.0,0.7,0.4,0.5
24363,Journal of Intelligent Manufacturing,4.2,82,1307,311,86,1.921,1.389,34,190,Springer Netherlands,Journal,NO,1702,Artificial Intelligence,Quartile1,,https://www.scopus.com/sourceid/24363,Scopus,Springer,1,Bi-monthly,http://www.springerlink.com/content/0956-5515,,No,0956-5515,1572-8145,1.0,1.0,1.0,0.4,0.5
24449,Kybernetika,0.77,21,142,184,34,0.4,0.268,150,190,Academy of Sciences of the Czech Republic,Journal,YES,1702,Artificial Intelligence,Quartile4,,https://www.scopus.com/sourceid/24449,Scopus,Others,4,Bi-monthly,http://www.kybernetika.cz/,,Yes,0023-5954,1805-949X,1.0,0.25,0.3,0.4,1.0
24772,Knowledge-Based Systems,7.01,94,7778,1109,91,2.606,1.46,11,190,Elsevier,Journal,NO,1702,Artificial Intelligence,Quartile1,Top 10%,https://www.scopus.com/sourceid/24772,Scopus,Elsevier,1,Bi-monthly,http://www.journals.elsevier.com/knowledge-based-systems/#description,,No,0950-7051,1872-7409,1.0,0.85,1.0,0.4,0.5
24774,Knowledge Engineering Review,1.72,52,98,57,60,1.261,0.312,91,190,Cambridge University Press,Journal,NO,1702,Artificial Intelligence,Quartile2,,https://www.scopus.com/sourceid/24774,Scopus,Others,2,Annual,http://journals.cambridge.org/action/displayJournal?jid=KER,,No,0269-8889,1469-8005,1.0,0.25,0.7,0.7,0.5
24775,Machine Learning,2.78,70,573,206,71,1.743,0.71,56,190,Springer Netherlands,Journal,NO,1702,Artificial Intelligence,Quartile2,,https://www.scopus.com/sourceid/24775,Scopus,Springer,2,Monthly,unsafe:jttp://www.springerlink.com/content/100309/,,No,0885-6125,1573-0565,1.0,1.0,0.7,0.8,0.5
24777,Minds and Machines,1.24,35,93,75,47,0.894,0.474,124,190,Springer Netherlands,Journal,NO,1702,Artificial Intelligence,Quartile3,,https://www.scopus.com/sourceid/24777,Scopus,Springer,3,Quarterly,http://www.springerlink.com/content/100314/,,No,0924-6495,1572-8641,1.0,1.0,0.5,0.2,0.5
24800,Neural Computing and Applications,4.2,82,3124,744,80,1.481,0.637,34,190,Springer London,Journal,NO,1702,Artificial Intelligence,Quartile1,,https://www.scopus.com/sourceid/24800,Scopus,Springer,1,Monthly,http://www.springerlink.com/content/102827/,,No,0941-0643,1433-3058,1.0,1.0,1.0,0.8,0.5
24802,Neural Network World,1.0,30,99,99,51,0.674,0.278,132,190,Czech Technical University in Prague,Journal,NO,1702,Artificial Intelligence,Quartile3,,https://www.scopus.com/sourceid/24802,Scopus,Others,3,Bi-monthly,http://www.nnw.cz/,,No,1210-0552,2336-4335,1.0,0.25,0.5,0.4,0.5
24804,Neural Networks,9.86,97,4350,441,87,3.656,1.97,6,190,Elsevier Ltd,Journal,NO,1702,Artificial Intelligence,Quartile1,Top 10%,https://www.scopus.com/sourceid/24804,Scopus,Elsevier,1,Monthly,http://www.journals.elsevier.com/neural-networks/,,No,0893-6080,1879-2782,1.0,0.85,1.0,0.8,0.5
24806,Neural Processing Letters,3.08,72,897,291,77,0.972,0.569,52,190,Springer Netherlands,Journal,NO,1702,Artificial Intelligence,Quartile2,,https://www.scopus.com/sourceid/24806,Scopus,Springer,2,Bi-monthly,http://www.springerlink.com/content/100321/,,No,1370-4621,1573-773X,1.0,1.0,0.7,0.4,0.5
24807,Neurocomputing,5.0,89,20625,4128,86,1.779,0.996,20,190,Elsevier,Journal,NO,1702,Artificial Intelligence,Quartile1,,https://www.scopus.com/sourceid/24807,Scopus,Elsevier,1,Semi-monthly,http://www.journals.elsevier.com/neurocomputing/#description,,No,0925-2312,1872-8286,1.0,0.85,1.0,0.9,0.5
24822,Pattern Analysis and Applications,1.78,55,388,218,66,1.046,0.358,85,190,Springer London,Journal,NO,1702,Artificial Intelligence,Quartile2,,https://www.scopus.com/sourceid/24822,Scopus,Springer,2,Quarterly,http://www.springerlink.com/content/103609/,,No,1433-7541,1433-755X,1.0,1.0,0.7,0.2,0.5
24823,Pattern Recognition,7.35,95,7803,1061,91,3.012,1.363,10,190,Elsevier Ltd,Journal,NO,1702,Artificial Intelligence,Quartile1,Top 10%,https://www.scopus.com/sourceid/24823,Scopus,Elsevier,1,Monthly,http://www.journals.elsevier.com/pattern-recognition/#description,,No,0031-3203,1873-5142,1.0,0.85,1.0,0.8,0.5
24825,Pattern Recognition Letters,3.73,79,3054,819,79,1.64,0.662,40,190,Elsevier,Journal,NO,1702,Artificial Intelligence,Quartile1,,https://www.scopus.com/sourceid/24825,Scopus,Elsevier,1,Monthly,http://www.journals.elsevier.com/pattern-recognition/#description,,No,0167-8655,1872-7344,1.0,0.85,1.0,0.8,0.5
24847,Revue d'Intelligence Artificielle,0.27,6,24,90,19,0.421,0.12,178,190,Lavoisier,Journal,NO,1702,Artificial Intelligence,Quartile4,,https://www.scopus.com/sourceid/24847,Scopus,Others,4,Bi-monthly,,,No,0992-499X,,1.0,0.25,0.3,0.4,0.5
25476,Intelligent Automation and Soft Computing,0.84,25,166,198,47,0.373,0.197,143,190,Taylor and Francis Ltd.,Journal,NO,1702,Artificial Intelligence,Quartile3,,https://www.scopus.com/sourceid/25476,Scopus,Taylor and Francis,3,Quarterly,http://wacong.org/autosoft/auto/,,No,1079-8587,2326-005X,1.0,0.55,0.5,0.2,0.5
25482,International Journal of Robotics and Automation,0.97,29,174,180,53,0.573,0.29,135,190,ACTA Press,Journal,NO,1702,Artificial Intelligence,Quartile3,,https://www.scopus.com/sourceid/25482,Scopus,Others,3,Bi-monthly,http://www.actapress.com/Content_of_Journal.aspx?JournalID=127,,No,0826-8185,1925-7090,1.0,0.25,0.5,0.4,0.5
25507,Informatica (Slovenia),0.56,13,83,149,38,0.372,0.138,164,190,Slovene Society Informatika,Journal,YES,1702,Artificial Intelligence,Quartile4,,https://www.scopus.com/sourceid/25507,Scopus,Others,4,Quarterly,http://www.informatica.si/,,Yes,0350-5596,,1.0,0.25,0.3,0.2,1.0
25621,Journal of Parallel and Distributed Computing,2.55,67,902,354,68,1.414,0.417,62,190,Academic Press Inc.,Journal,NO,1702,Artificial Intelligence,Quartile2,,https://www.scopus.com/sourceid/25621,Scopus,Others,2,Monthly,http://www.journals.elsevier.com/journal-of-parallel-and-distributed-computing/#description,,No,0743-7315,1096-0848,1.0,0.25,0.7,0.8,0.5
26138,Parallel Computing,1.72,52,333,194,62,1.043,0.328,91,190,Elsevier,Journal,NO,1702,Artificial Intelligence,Quartile2,,https://www.scopus.com/sourceid/26138,Scopus,Elsevier,2,Monthly,http://www.journals.elsevier.com/parallel-computing/#description,,No,0167-8191,1872-7336,1.0,0.85,0.7,0.8,0.5
26529,Fuzzy Sets and Systems,3.59,76,2359,657,75,1.885,1.347,45,190,Elsevier,Journal,NO,1702,Artificial Intelligence,Quartile1,,https://www.scopus.com/sourceid/26529,Scopus,Elsevier,1,Semi-monthly,http://www.journals.elsevier.com/fuzzy-sets-and-systems/#description,,No,0165-0114,1872-6801,1.0,0.85,1.0,0.9,0.5
26801,Computational Linguistics,3.44,75,258,75,71,3.793,0.455,48,190,MIT Press Journals,Journal,YES,1702,Artificial Intelligence,Quartile1,,https://www.scopus.com/sourceid/26801,Scopus,Others,1,Quarterly,http://www.mitpressjournals.org/loi/coli,50 weeks,Yes,0891-2017,1530-9312,1.0,0.25,1.0,0.2,1.0
26803,Journal of Pragmatics,1.85,56,785,425,61,1.73,0.952,83,190,Elsevier,Journal,NO,1702,Artificial Intelligence,Quartile2,,https://www.scopus.com/sourceid/26803,Scopus,Elsevier,2,Monthly,http://www.journals.elsevier.com/journal-of-pragmatics/#description,,No,0378-2166,1879-1387,1.0,0.85,0.7,0.8,0.5
27190,Machine Translation,0.78,22,25,32,44,0.572,0.16,148,190,Springer Netherlands,Journal,NO,1702,Artificial Intelligence,Quartile4,,https://www.scopus.com/sourceid/27190,Scopus,Springer,4,Quarterly,https://rd.springer.com/journal/10590,,No,0922-6567,1573-0573,1.0,1.0,0.3,0.2,0.5
28380,Natural Language Engineering,1.73,52,182,105,63,1.63,0.315,90,190,Cambridge University Press,Journal,NO,1702,Artificial Intelligence,Quartile2,,https://www.scopus.com/sourceid/28380,Scopus,Others,2,Bi-monthly,http://journals.cambridge.org/action/displayJournal?jid=NLE,,No,1351-3249,1469-8110,1.0,0.25,0.7,0.4,0.5
28424,Theory and Practice of Logic Programming,1.99,59,253,127,61,1.498,0.658,77,190,Cambridge University Press,Journal,NO,1702,Artificial Intelligence,Quartile2,,https://www.scopus.com/sourceid/28424,Scopus,Others,2,Bi-monthly,http://journals.cambridge.org/action/displayJournal?jid=TLP,,No,1471-0684,1475-3081,1.0,0.25,0.7,0.4,0.5
36450,Design Studies,3.74,79,434,116,84,2.512,0.963,39,190,Elsevier Ltd,Journal,NO,1702,Artificial Intelligence,Quartile1,,https://www.scopus.com/sourceid/36450,Scopus,Elsevier,1,Bi-monthly,http://www.journals.elsevier.com/design-studies/#description,,No,0142-694X,1872-6909,1.0,0.85,1.0,0.4,0.5
4000148905,IEEE Computational Intelligence Magazine,4.33,83,502,116,54,3.002,1.132,31,190,Institute of Electrical and Electronics Engineers Inc.,Journal,NO,1702,Artificial Intelligence,Quartile1,,https://www.scopus.com/sourceid/4000148905,Scopus,IEEE,1,Quarterly,http://ieeexplore.ieee.org/xpl/aboutJournal.jsp?punumber=10207,,No,1556-603X,1556-6048,1.0,0.7,1.0,0.2,0.5
4700152208,International Journal of Humanoid Robotics,1.45,42,152,105,61,0.833,0.347,110,190,World Scientific Publishing Co. Pte Ltd,Journal,NO,1702,Artificial Intelligence,Quartile3,,https://www.scopus.com/sourceid/4700152208,Scopus,Others,3,Bi-monthly,http://www.worldscinet.com/ijhr/ijhr.shtml,,No,0219-8436,1793-6942,1.0,0.25,0.5,0.4,0.5
4700152645,International Journal on Artificial Intelligence Tools,1.03,31,188,183,44,0.589,0.26,130,190,World Scientific Publishing Co. Pte Ltd,Journal,NO,1702,Artificial Intelligence,Quartile3,,https://www.scopus.com/sourceid/4700152645,Scopus,Others,3,Bi-monthly,http://www.worldscinet.com/ijait/ijait.shtml,,No,0218-2130,1793-6349,1.0,0.25,0.5,0.4,0.5
5800207596,Linguistica,0.02,0,1,50,2,0.114,0.1,190,190,Asociacion de Linguistica y Filologia de la America Latina,Journal,YES,1702,Artificial Intelligence,Quartile4,,https://www.scopus.com/sourceid/5800207596,Scopus,Others,4,Bi-monthly,,,Yes,1132-0214,2079-312X,1.0,0.25,0.3,0.4,1.0
6700153285,International Journal of Mobile Network Design and Innovation,0.89,27,47,53,19,0.204,0.115,137,190,Inderscience Enterprises Ltd,Journal,NO,1702,Artificial Intelligence,Quartile3,,https://www.scopus.com/sourceid/6700153285,Scopus,Inderscience,3,Bi-monthly,,,No,1744-2869,1744-2850,1.0,0.4,0.5,0.4,0.5
72242,International Journal of Computer Vision,15.78,98,4370,277,83,7.965,3.595,3,190,Springer Netherlands,Journal,NO,1702,Artificial Intelligence,Quartile1,Top 10%,https://www.scopus.com/sourceid/72242,Scopus,Springer,1,Monthly,http://www.springerlink.com/content/100272/,,No,0920-5691,1573-1405,1.0,1.0,1.0,0.8,0.5
79015,Kongzhi yu Juece/Control and Decision,0.86,26,906,1048,44,0.562,0.224,140,190,Northeast University,Journal,NO,1702,Artificial Intelligence,Quartile3,,https://www.scopus.com/sourceid/79015,Scopus,Others,3,Bi-monthly,,,No,1001-0920,,1.0,0.25,0.5,0.4,0.5
87936,Moshi Shibie yu Rengong Zhineng/Pattern Recognition and Artificial Intelligence,0.56,13,215,382,35,0.335,0.165,164,190,Journal of Pattern Recognition and Artificial Intelligence,Journal,NO,1702,Artificial Intelligence,Quartile4,,https://www.scopus.com/sourceid/87936,Scopus,Others,4,Bi-monthly,,,No,1003-6059,,1.0,0.25,0.3,0.4,0.5
9500154152,Intelligent Service Robotics,1.77,53,129,73,64,0.943,0.433,87,190,Springer Verlag,Journal,NO,1702,Artificial Intelligence,Quartile2,,https://www.scopus.com/sourceid/9500154152,Scopus,Springer,2,Quarterly,http://www.springer.com/engineering/robotics/journal/11370,,No,1861-2776,1861-2784,1.0,1.0,0.7,0.2,0.5
